id,label
1,1.0
2,-0.44
3,0.12
4,1.0
5,-0.16
6,0.68
7,0.92
8,0.12
9,-0.84
10,0.92
11,-0.44
12,-0.48
13,-0.8
14,-0.96
15,1.0
16,-0.28
17,0.76
18,-0.44
19,1.0
20,0.2
21,-0.92
22,1.0
23,-0.44
24,1.0
25,-1.0
26,0.44
27,1.0
28,1.0
29,1.0
30,0.68
31,-0.84
32,0.68
33,-0.2
34,0.96
35,0.12
36,-0.64
37,0.52
38,0.28
39,1.0
40,-0.44
41,-0.44
42,-0.44
43,0.96
44,1.0
45,-0.68
46,-0.28
47,-0.84
48,-0.04
49,0.12
50,-0.44
51,1.0
52,0.88
53,0.68
54,-0.96
55,0.68
56,1.0
57,0.92
58,0.88
59,-0.28
60,-0.36
61,-0.72
62,0.12
63,0.68
64,0.12
65,0.04
66,-0.6
67,-0.44
68,-0.76
69,-0.44
70,-0.44
71,0.92
72,1.0
73,0.64
74,-0.44
75,1.0
76,-0.44
77,0.12
78,1.0
79,0.68
80,1.0
81,1.0
82,-0.92
83,-0.28
84,0.0
85,-0.44
86,0.68
87,-0.12
88,-0.64
89,0.92
90,0.96
91,0.12
92,1.0
93,-0.12
94,0.44
95,1.0
96,-0.28
97,-0.28
98,-0.44
99,1.0
100,0.44
101,0.2
102,1.0
103,0.68
104,0.76
105,0.68
106,1.0
107,0.28
108,-0.44
109,-0.2
110,-0.44
111,0.88
112,1.0
113,-0.48
114,0.68
115,0.44
116,-0.2
117,-0.96
118,0.44
119,-0.44
120,-0.28
121,1.0
122,1.0
123,-0.04
124,0.48
125,1.0
126,1.0
127,1.0
128,1.0
129,0.44
130,0.68
131,-0.44
132,1.0
133,-0.92
134,0.12
135,1.0
136,-0.44
137,-0.48
138,0.6
139,1.0
140,-0.44
141,0.0
142,-0.64
143,-0.28
144,-0.44
145,0.44
146,0.12
147,-0.76
148,1.0
149,1.0
150,-0.28
151,-0.76
152,-0.44
153,-0.44
154,-0.44
155,1.0
156,1.0
157,1.0
158,-0.44
159,0.96
160,-0.64
161,0.44
162,0.84
163,0.2
164,1.0
165,1.0
166,1.0
167,0.12
168,1.0
169,-0.2
170,-0.44
171,-0.44
172,0.68
173,-0.32
174,1.0
175,-0.92
176,0.0
177,1.0
178,-0.08
179,-0.2
180,-0.48
181,1.0
182,1.0
183,0.84
184,-0.08
185,1.0
186,0.44
187,0.96
188,0.68
189,-0.28
190,-0.8
191,1.0
192,-0.84
193,-0.04
194,1.0
195,-0.96
196,-0.2
197,1.0
198,-0.96
199,0.88
200,1.0
201,1.0
202,1.0
203,0.96
204,1.0
205,1.0
206,1.0
207,1.0
208,-0.44
209,0.68
210,0.96
211,1.0
212,-0.44
213,1.0
214,1.0
215,-0.08
216,1.0
217,1.0
218,-1.0
219,0.68
220,-0.2
221,1.0
222,-0.44
223,-0.04
224,0.68
225,1.0
226,-0.04
227,1.0
228,0.68
229,1.0
230,0.68
231,-0.36
232,0.96
233,-0.44
234,0.4
235,0.92
236,1.0
237,1.0
238,-0.12
239,0.44
240,-0.84
241,-0.88
242,1.0
243,0.88
244,-0.44
245,1.0
246,0.44
247,-0.44
248,-0.96
249,-0.2
250,-0.08
251,0.68
252,-0.44
253,-0.64
254,1.0
255,0.56
256,1.0
257,-1.0
258,0.88
259,-0.44
260,0.44
261,-0.44
262,1.0
263,1.0
264,-1.0
265,-0.8
266,1.0
267,0.12
268,0.92
269,-0.6
270,-0.44
271,1.0
272,0.0
273,-0.44
274,-0.04
275,-0.44
276,-0.04
277,-0.44
278,-0.28
279,1.0
280,-0.96
281,-0.6
282,1.0
283,1.0
284,0.68
285,-0.64
286,0.68
287,-0.4
288,0.68
289,-0.44
290,-0.44
291,-0.8
292,1.0
293,1.0
294,0.84
295,0.72
296,0.68
297,0.2
298,1.0
299,1.0
300,1.0
301,0.2
302,1.0
303,-1.0
304,-0.44
305,1.0
306,1.0
307,-0.84
308,-0.52
309,0.44
310,1.0
311,-0.28
312,-0.44
313,-0.44
314,0.2
315,-0.2
316,-0.72
317,1.0
318,-1.0
319,1.0
320,1.0
321,1.0
322,-0.52
323,1.0
324,-0.44
325,-0.44
326,-0.92
327,1.0
328,1.0
329,0.92
330,0.68
331,-0.84
332,0.2
333,1.0
334,1.0
335,-0.6
336,0.0
337,0.12
338,-0.36
339,1.0
340,0.28
341,-0.44
342,0.12
343,1.0
344,-0.84
345,-0.32
346,1.0
347,0.68
348,0.92
349,-0.96
350,0.28
351,0.84
352,1.0
353,1.0
354,-0.44
355,-0.44
356,-0.96
357,0.0
358,1.0
359,1.0
360,0.0
361,1.0
362,1.0
363,0.92
364,-0.44
365,-0.44
366,-0.44
367,-0.44
368,1.0
369,-0.16
370,-0.96
371,0.48
372,1.0
373,-0.44
374,-1.0
375,-0.44
376,0.96
377,-0.56
378,-0.32
379,0.28
380,-0.08
381,1.0
382,-0.04
383,-0.04
384,-0.44
385,0.56
386,-0.44
387,-0.28
388,-0.72
389,-0.08
390,1.0
391,1.0
392,0.68
393,0.76
394,-0.2
395,0.44
396,0.72
397,1.0
398,0.0
399,1.0
400,1.0
401,0.68
402,0.96
403,0.0
404,-0.04
405,1.0
406,0.12
407,0.68
408,1.0
409,1.0
410,-0.44
411,-0.44
412,1.0
413,-1.0
414,-0.8
415,0.44
416,-0.44
417,1.0
418,-0.44
419,0.12
420,-0.44
421,1.0
422,0.12
423,-0.96
424,1.0
425,-0.44
426,-0.44
427,1.0
428,0.56
429,1.0
430,0.92
431,1.0
432,-0.16
433,0.12
434,0.68
435,0.12
436,0.92
437,1.0
438,1.0
439,-0.84
440,-0.36
441,-0.28
442,-0.44
443,0.68
444,-0.44
445,-0.64
446,0.96
447,-0.44
448,-0.44
449,1.0
450,1.0
451,-0.44
452,-0.96
453,1.0
454,0.96
455,0.12
456,-0.16
457,0.92
458,0.76
459,-0.12
460,1.0
461,-0.08
462,1.0
463,0.56
464,0.12
465,-0.4
466,0.76
467,0.12
468,0.68
469,-0.44
470,-0.44
471,-0.6
472,1.0
473,1.0
474,1.0
475,0.92
476,1.0
477,-0.44
478,0.12
479,1.0
480,0.44
481,1.0
482,-0.44
483,0.12
484,1.0
485,0.2
486,0.0
487,1.0
488,1.0
489,1.0
490,0.12
491,0.44
492,-0.44
493,-0.28
494,0.92
495,0.44
496,1.0
497,1.0
498,0.96
499,1.0
500,0.68
501,-0.8
502,0.0
503,1.0
504,1.0
505,-0.44
506,1.0
507,-0.68
508,1.0
509,0.68
510,-0.44
511,0.68
512,1.0
513,-0.44
514,1.0
515,1.0
516,1.0
517,-0.44
518,0.6
519,-0.44
520,-0.44
521,-0.16
522,-0.76
523,0.28
524,-0.44
525,1.0
526,-0.56
527,-0.04
528,0.0
529,1.0
530,1.0
531,0.68
532,0.44
533,-0.08
534,1.0
535,0.12
536,-0.48
537,0.12
538,-0.36
539,-0.44
540,1.0
541,-0.08
542,-0.44
543,0.76
544,-0.44
545,-0.76
546,1.0
547,0.68
548,0.12
549,0.92
550,-0.72
551,1.0
552,1.0
553,1.0
554,-0.48
555,0.92
556,1.0
557,-0.76
558,1.0
559,1.0
560,-0.12
561,-0.44
562,0.12
563,0.12
564,1.0
565,1.0
566,1.0
567,0.68
568,-0.44
569,0.68
570,-0.04
571,-0.44
572,0.12
573,1.0
574,-0.44
575,-0.76
576,-0.44
577,-0.28
578,1.0
579,-0.44
580,-0.96
581,0.84
582,-0.76
583,0.96
584,0.0
585,-0.44
586,1.0
587,1.0
588,-0.28
589,1.0
590,1.0
591,0.0
592,1.0
593,0.92
594,1.0
595,0.96
596,-0.96
597,-0.08
598,1.0
599,1.0
600,-0.44
601,0.0
602,1.0
603,-0.72
604,0.68
605,-0.44
606,1.0
607,0.68
608,1.0
609,-0.2
610,-0.96
611,-0.44
612,0.12
613,0.12
614,0.76
615,-0.44
616,1.0
617,-0.2
618,0.68
619,-0.44
620,0.6
621,-0.84
622,1.0
623,-0.44
624,-0.44
625,-0.44
626,1.0
627,-0.44
628,1.0
629,1.0
630,-0.44
631,0.68
632,0.84
633,1.0
634,-0.44
635,-0.44
636,0.96
637,-1.0
638,-0.96
639,0.12
640,1.0
641,-0.68
642,0.0
643,0.0
644,-0.44
645,1.0
646,0.56
647,0.44
648,1.0
649,-0.96
650,-0.44
651,-0.28
652,0.44
653,-0.04
654,-0.64
655,1.0
656,-1.0
657,1.0
658,0.76
659,-0.44
660,-0.96
661,0.0
662,0.44
663,-0.64
664,0.6
665,-0.64
666,1.0
667,1.0
668,-0.44
669,-0.44
670,-0.44
671,0.92
672,0.12
673,0.68
674,0.56
675,0.0
676,0.0
677,-0.44
678,-0.04
679,0.28
680,1.0
681,1.0
682,0.12
683,-0.24
684,-0.44
685,-0.84
686,0.56
687,-0.24
688,0.68
689,1.0
690,1.0
691,0.52
692,-0.44
693,1.0
694,-1.0
695,-0.28
696,-0.44
697,-0.64
698,-0.28
699,0.68
700,0.68
701,-0.56
702,1.0
703,-0.12
704,1.0
705,0.8
706,1.0
707,-0.44
708,1.0
709,-0.28
710,1.0
711,-0.2
712,-0.8
713,-0.44
714,0.12
715,1.0
716,-0.64
717,1.0
718,1.0
719,-1.0
720,1.0
721,-0.48
722,1.0
723,-0.92
724,0.96
725,-0.44
726,0.28
727,0.92
728,-0.44
729,-0.44
730,0.68
731,1.0
732,-0.44
733,1.0
734,1.0
735,-0.8
736,0.36
737,-0.44
738,0.44
739,1.0
740,-1.0
741,1.0
742,-0.44
743,1.0
744,1.0
745,1.0
746,-0.28
747,0.68
748,0.76
749,-0.36
750,-0.76
751,-0.44
752,1.0
753,0.12
754,1.0
755,-0.04
756,1.0
757,-0.44
758,-0.24
759,-0.36
760,1.0
761,-0.44
762,-0.44
763,1.0
764,0.92
765,0.12
766,0.52
767,-0.44
768,-0.96
769,1.0
770,0.44
771,0.12
772,0.12
773,-0.44
774,-0.44
775,-0.96
776,1.0
777,1.0
778,-0.44
779,1.0
780,-0.44
781,-0.92
782,-0.04
783,1.0
784,1.0
785,0.12
786,0.92
787,1.0
788,-0.44
789,-0.32
790,-0.88
791,1.0
792,1.0
793,0.96
794,0.0
795,1.0
796,-0.44
797,-0.44
798,0.68
799,-0.04
800,1.0
801,0.92
802,1.0
803,1.0
804,1.0
805,0.6
806,-0.2
807,-0.72
808,-0.64
809,-0.44
810,1.0
811,0.68
812,1.0
813,-0.44
814,-0.64
815,-0.44
816,-1.0
817,0.92
818,-0.96
819,0.92
820,-0.44
821,-0.2
822,-0.76
823,0.28
824,1.0
825,-0.44
826,-0.88
827,-0.04
828,-1.0
829,-0.28
830,1.0
831,-0.44
832,0.28
833,-0.6
834,1.0
835,0.12
836,0.68
837,1.0
838,1.0
839,-0.24
840,-0.08
841,1.0
842,-0.44
843,-0.96
844,1.0
845,1.0
846,-0.72
847,0.76
848,1.0
849,0.96
850,0.2
851,0.6
852,-0.44
853,0.64
854,-0.44
855,1.0
856,1.0
857,-0.44
858,1.0
859,-0.04
860,-0.44
861,0.48
862,1.0
863,0.44
864,0.12
865,-0.12
866,-0.44
867,1.0
868,-0.44
869,-0.8
870,-1.0
871,0.12
872,1.0
873,0.96
874,1.0
875,-0.88
876,-1.0
877,-0.96
878,0.92
879,0.68
880,-1.0
881,0.68
882,-0.36
883,0.96
884,-0.08
885,0.12
886,-0.44
887,1.0
888,0.12
889,1.0
890,-0.44
891,-0.44
892,1.0
893,0.44
894,0.56
895,1.0
896,1.0
897,1.0
898,-0.44
899,0.68
900,1.0
901,1.0
902,1.0
903,0.44
904,-0.44
905,-0.2
906,-0.12
907,-1.0
908,0.0
909,-0.44
910,-0.44
911,1.0
912,-0.96
913,-0.28
914,0.04
915,0.92
916,1.0
917,0.68
918,0.96
919,0.68
920,-0.96
921,-0.68
922,1.0
923,-0.44
924,1.0
925,-0.08
926,0.12
927,0.52
928,-0.44
929,1.0
930,-0.76
931,-0.96
932,1.0
933,1.0
934,1.0
935,-0.44
936,0.12
937,0.28
938,1.0
939,1.0
940,-0.84
941,1.0
942,0.76
943,-0.6
944,-0.04
945,-1.0
946,1.0
947,-0.44
948,1.0
949,0.08
950,-0.44
951,-0.68
952,1.0
953,-0.24
954,-0.92
955,1.0
956,1.0
957,-0.4
958,0.88
959,1.0
960,-0.68
961,-0.8
962,1.0
963,-0.4
964,-0.44
965,1.0
966,0.0
967,1.0
968,0.2
969,1.0
970,0.56
971,1.0
972,1.0
973,1.0
974,1.0
975,1.0
976,-0.76
977,0.12
978,-0.44
979,-0.44
980,1.0
981,0.12
982,-0.76
983,1.0
984,1.0
985,1.0
986,1.0
987,1.0
988,-0.16
989,-0.48
990,0.84
991,-0.76
992,-1.0
993,-0.44
994,0.0
995,0.68
996,-0.68
997,0.12
998,0.84
999,0.28
1000,-0.92
1001,0.12
1002,0.12
1003,1.0
1004,0.44
1005,0.68
1006,-0.44
1007,-0.44
1008,0.92
1009,-1.0
1010,1.0
1011,0.72
1012,0.68
1013,0.68
1014,1.0
1015,-0.04
1016,1.0
1017,1.0
1018,-0.92
1019,1.0
1020,0.44
1021,1.0
1022,-0.76
1023,0.12
1024,0.84
1025,-0.96
1026,1.0
1027,-0.44
1028,0.68
1029,1.0
1030,0.0
1031,-0.04
1032,-0.8
1033,-0.28
1034,0.96
1035,1.0
1036,-0.48
1037,-0.84
1038,-0.44
1039,1.0
1040,0.92
1041,-0.44
1042,1.0
1043,-0.52
1044,1.0
1045,1.0
1046,-0.04
1047,-0.72
1048,1.0
1049,0.12
1050,-0.84
1051,1.0
1052,-0.28
1053,-0.84
1054,0.84
1055,-0.44
1056,-0.08
1057,0.92
1058,1.0
1059,-0.04
1060,1.0
1061,1.0
1062,1.0
1063,-0.48
1064,0.68
1065,1.0
1066,-0.84
1067,0.64
1068,0.12
1069,1.0
1070,-0.08
1071,1.0
1072,1.0
1073,-0.64
1074,1.0
1075,-0.44
1076,-0.28
1077,-0.84
1078,0.92
1079,1.0
1080,-0.96
1081,-0.44
1082,0.2
1083,1.0
1084,0.44
1085,0.0
1086,0.04
1087,0.68
1088,0.84
1089,-0.44
1090,1.0
1091,-0.16
1092,0.56
1093,1.0
1094,1.0
1095,0.68
1096,1.0
1097,-1.0
1098,-0.24
1099,0.92
1100,-0.28
1101,0.92
1102,0.68
1103,1.0
1104,-0.44
1105,0.92
1106,-0.2
1107,0.12
1108,0.76
1109,0.84
1110,0.76
1111,-0.44
1112,1.0
1113,-0.44
1114,1.0
1115,-0.44
1116,0.12
1117,-0.68
1118,-0.64
1119,-1.0
1120,0.0
1121,0.4
1122,1.0
1123,0.56
1124,-0.44
1125,-0.44
1126,0.96
1127,0.68
1128,-0.44
1129,1.0
1130,0.12
1131,-0.2
1132,0.92
1133,0.44
1134,0.12
1135,-0.08
1136,0.0
1137,-1.0
1138,-0.44
1139,0.56
1140,-0.44
1141,1.0
1142,-0.32
1143,-0.84
1144,0.24
1145,-0.28
1146,1.0
1147,1.0
1148,0.76
1149,1.0
1150,0.68
1151,0.0
1152,-0.44
1153,-0.44
1154,1.0
1155,1.0
1156,0.88
1157,1.0
1158,0.76
1159,0.36
1160,1.0
1161,-0.96
1162,0.96
1163,1.0
1164,0.92
1165,0.6
1166,0.04
1167,-0.96
1168,-0.72
1169,1.0
1170,-0.44
1171,-0.96
1172,-0.08
1173,0.56
1174,0.68
1175,0.92
1176,1.0
1177,1.0
1178,0.96
1179,-0.76
1180,-0.44
1181,-0.32
1182,1.0
1183,0.0
1184,1.0
1185,0.88
1186,-0.44
1187,1.0
1188,0.76
1189,0.68
1190,-0.84
1191,1.0
1192,0.44
1193,0.44
1194,1.0
1195,1.0
1196,-0.28
1197,-0.44
1198,0.12
1199,-0.04
1200,0.12
1201,-0.44
1202,-0.44
1203,-0.44
1204,1.0
1205,-0.44
1206,-0.4
1207,-0.92
1208,1.0
1209,0.88
1210,-0.36
1211,-1.0
1212,0.36
1213,-0.56
1214,-0.44
1215,-0.96
1216,-0.96
1217,0.44
1218,-0.72
1219,-1.0
1220,1.0
1221,1.0
1222,-0.44
1223,-0.72
1224,-0.44
1225,0.12
1226,1.0
1227,0.68
1228,1.0
1229,-0.44
1230,-0.44
1231,0.0
1232,1.0
1233,-0.16
1234,0.44
1235,-1.0
1236,1.0
1237,0.68
1238,-0.44
1239,0.84
1240,1.0
1241,-0.76
1242,-0.44
1243,-0.96
1244,0.12
1245,0.44
1246,-0.6
1247,1.0
1248,0.12
1249,1.0
1250,0.12
1251,-0.88
1252,0.96
1253,1.0
1254,-0.44
1255,0.84
1256,-0.28
1257,1.0
1258,1.0
1259,1.0
1260,0.12
1261,-0.44
1262,0.96
1263,1.0
1264,1.0
1265,0.44
1266,1.0
1267,1.0
1268,0.96
1269,-0.44
1270,-0.72
1271,1.0
1272,0.0
1273,-0.44
1274,0.68
1275,1.0
1276,1.0
1277,0.96
1278,1.0
1279,-0.56
1280,1.0
1281,0.96
1282,0.44
1283,-0.08
1284,1.0
1285,0.76
1286,-0.44
1287,0.92
1288,1.0
1289,-0.28
1290,1.0
1291,1.0
1292,1.0
1293,-0.96
1294,-0.44
1295,0.84
1296,1.0
1297,0.36
1298,1.0
1299,-0.8
1300,-0.92
1301,0.44
1302,1.0
1303,0.68
1304,1.0
1305,1.0
1306,0.04
1307,0.12
1308,0.68
1309,-0.28
1310,0.4
1311,-0.44
1312,1.0
1313,-0.4
1314,0.92
1315,-0.44
1316,-0.68
1317,-0.44
1318,1.0
1319,-1.0
1320,-0.44
1321,-0.44
1322,0.32
1323,-0.96
1324,0.0
1325,0.12
1326,-0.44
1327,-0.44
1328,-0.44
1329,1.0
1330,-0.44
1331,1.0
1332,1.0
1333,0.68
1334,1.0
1335,0.68
1336,1.0
1337,0.96
1338,1.0
1339,0.36
1340,-0.44
1341,-0.64
1342,-0.2
1343,-0.44
1344,-0.64
1345,-0.44
1346,-0.16
1347,1.0
1348,0.6
1349,-0.48
1350,-0.28
1351,1.0
1352,-0.44
1353,-0.48
1354,1.0
1355,0.88
1356,1.0
1357,1.0
1358,1.0
1359,-0.96
1360,1.0
1361,1.0
1362,1.0
1363,1.0
1364,0.44
1365,1.0
1366,-0.12
1367,0.84
1368,-0.56
1369,-0.04
1370,1.0
1371,-0.44
1372,-0.6
1373,1.0
1374,-0.44
1375,0.92
1376,0.68
1377,1.0
1378,-0.92
1379,0.92
1380,0.44
1381,1.0
1382,0.0
1383,-0.44
1384,-0.04
1385,-0.44
1386,1.0
1387,-0.44
1388,1.0
1389,-0.44
1390,0.36
1391,1.0
1392,0.48
1393,-0.76
1394,-0.96
1395,-0.44
1396,-0.4
1397,-0.96
1398,0.56
1399,0.68
1400,0.12
1401,1.0
1402,0.44
1403,0.12
1404,1.0
1405,-0.44
1406,0.88
1407,1.0
1408,-0.04
1409,0.12
1410,1.0
1411,1.0
1412,-0.44
1413,-0.92
1414,0.12
1415,1.0
1416,1.0
1417,0.68
1418,-0.28
1419,1.0
1420,0.68
1421,-0.96
1422,0.12
1423,0.0
1424,0.68
1425,0.12
1426,0.84
1427,1.0
1428,-0.16
1429,-0.96
1430,-0.2
1431,1.0
1432,1.0
1433,1.0
1434,1.0
1435,-0.76
1436,0.44
1437,0.68
1438,1.0
1439,0.68
1440,1.0
1441,1.0
1442,0.12
1443,0.68
1444,1.0
1445,0.44
1446,-0.4
1447,-1.0
1448,-0.96
1449,-0.16
1450,-0.04
1451,-0.96
1452,1.0
1453,-0.96
1454,1.0
1455,1.0
1456,1.0
1457,1.0
1458,0.44
1459,-0.44
1460,-0.92
1461,0.88
1462,-0.44
1463,-0.4
1464,1.0
1465,-0.44
1466,-0.44
1467,-0.28
1468,1.0
1469,0.92
1470,0.68
1471,-0.44
1472,0.6
1473,-0.44
1474,1.0
1475,0.12
1476,-0.44
1477,-0.44
1478,-0.2
1479,1.0
1480,0.0
1481,-0.44
1482,0.0
1483,1.0
1484,-0.44
1485,1.0
1486,-0.16
1487,0.0
1488,1.0
1489,0.24
1490,0.96
1491,-0.92
1492,-0.44
1493,1.0
1494,1.0
1495,0.92
1496,-0.64
1497,-0.12
1498,0.0
1499,-0.8
1500,1.0
1501,-0.92
1502,-0.44
1503,-0.44
1504,-0.28
1505,1.0
1506,-0.16
1507,0.56
1508,1.0
1509,1.0
1510,0.44
1511,1.0
1512,-0.44
1513,1.0
1514,-0.44
1515,0.4
1516,-0.28
1517,-0.6
1518,0.12
1519,-0.08
1520,1.0
1521,0.12
1522,1.0
1523,1.0
1524,1.0
1525,-0.76
1526,1.0
1527,0.6
1528,-0.76
1529,0.12
1530,1.0
1531,0.12
1532,1.0
1533,0.12
1534,0.84
1535,1.0
1536,-0.96
1537,1.0
1538,0.44
1539,-0.44
1540,-0.44
1541,0.68
1542,1.0
1543,0.24
1544,0.68
1545,1.0
1546,-0.44
1547,1.0
1548,0.88
1549,1.0
1550,-0.44
1551,0.16
1552,-0.84
1553,0.52
1554,0.68
1555,-0.44
1556,1.0
1557,-0.44
1558,0.52
1559,1.0
1560,1.0
1561,0.12
1562,1.0
1563,1.0
1564,-0.04
1565,-0.96
1566,-0.44
1567,1.0
1568,0.12
1569,0.68
1570,-0.44
1571,0.68
1572,-0.04
1573,0.56
1574,1.0
1575,-0.44
1576,0.84
1577,1.0
1578,-0.44
1579,-0.44
1580,1.0
1581,0.44
1582,0.88
1583,0.88
1584,-0.92
1585,-0.28
1586,1.0
1587,-0.44
1588,0.2
1589,-0.44
1590,-0.44
1591,0.88
1592,-0.44
1593,0.96
1594,0.68
1595,1.0
1596,0.04
1597,-0.6
1598,0.72
1599,-0.28
1600,0.76
1601,-0.44
1602,0.36
1603,-0.96
1604,0.12
1605,1.0
1606,1.0
1607,1.0
1608,-0.44
1609,1.0
1610,0.12
1611,-0.44
1612,0.0
1613,-0.44
1614,-0.44
1615,0.12
1616,-0.44
1617,0.0
1618,-0.44
1619,-1.0
1620,1.0
1621,-0.44
1622,-0.92
1623,0.88
1624,-0.92
1625,0.04
1626,-0.28
1627,1.0
1628,0.44
1629,-0.96
1630,0.68
1631,0.0
1632,1.0
1633,-0.28
1634,1.0
1635,-0.44
1636,0.44
1637,0.88
1638,-0.44
1639,-0.6
1640,-0.44
1641,-0.08
1642,1.0
1643,-0.44
1644,-1.0
1645,0.44
1646,-0.16
1647,-1.0
1648,0.56
1649,0.96
1650,1.0
1651,0.04
1652,0.52
1653,-0.44
1654,-0.44
1655,1.0
1656,1.0
1657,1.0
1658,-0.2
1659,0.28
1660,0.36
1661,-0.76
1662,0.12
1663,-0.44
1664,0.68
1665,1.0
1666,0.96
1667,-1.0
1668,-0.44
1669,0.0
1670,-0.44
1671,1.0
1672,-0.44
1673,-1.0
1674,0.56
1675,0.0
1676,1.0
1677,-0.88
1678,0.72
1679,0.68
1680,-0.44
1681,1.0
1682,-0.44
1683,1.0
1684,0.88
1685,-0.4
1686,-0.44
1687,-0.72
1688,-0.44
1689,-0.68
1690,-0.44
1691,1.0
1692,-0.8
1693,0.4
1694,-0.96
1695,-0.96
1696,1.0
1697,1.0
1698,1.0
1699,0.12
1700,0.32
1701,-0.96
1702,0.84
1703,1.0
1704,1.0
1705,-0.28
1706,1.0
1707,0.56
1708,1.0
1709,-0.2
1710,1.0
1711,0.0
1712,1.0
1713,1.0
1714,0.36
1715,-0.2
1716,1.0
1717,0.68
1718,-0.16
1719,-0.04
1720,0.68
1721,1.0
1722,1.0
1723,0.44
1724,-0.44
1725,1.0
1726,0.76
1727,1.0
1728,-0.44
1729,-0.28
1730,-1.0
1731,-0.44
1732,0.68
1733,-0.44
1734,0.68
1735,-0.36
1736,-0.44
1737,0.92
1738,0.96
1739,1.0
1740,-0.84
1741,0.96
1742,0.2
1743,1.0
1744,0.88
1745,-0.44
1746,0.68
1747,1.0
1748,-0.44
1749,-0.28
1750,0.52
1751,-0.76
1752,-0.44
1753,1.0
1754,0.96
1755,1.0
1756,0.92
1757,1.0
1758,0.92
1759,0.68
1760,-0.08
1761,-0.96
1762,0.92
1763,-0.04
1764,1.0
1765,1.0
1766,-0.44
1767,0.68
1768,-0.44
1769,0.68
1770,-0.44
1771,-0.44
1772,0.76
1773,0.12
1774,0.68
1775,1.0
1776,-0.4
1777,-0.84
1778,1.0
1779,0.48
1780,0.88
1781,-0.24
1782,1.0
1783,1.0
1784,0.68
1785,0.76
1786,-0.44
1787,-0.96
1788,-0.28
1789,1.0
1790,1.0
1791,-1.0
1792,-0.88
1793,-0.12
1794,-0.16
1795,0.36
1796,-0.44
1797,0.96
1798,0.2
1799,-0.96
1800,0.68
1801,0.68
1802,1.0
1803,0.68
1804,0.44
1805,-0.44
1806,-0.72
1807,0.0
1808,1.0
1809,1.0
1810,0.76
1811,1.0
1812,1.0
1813,-0.84
1814,0.68
1815,-0.44
1816,0.96
1817,1.0
1818,-0.92
1819,1.0
1820,-0.96
1821,0.96
1822,0.96
1823,-0.88
1824,0.68
1825,-0.44
1826,1.0
1827,-0.44
1828,0.68
1829,1.0
1830,1.0
1831,-0.44
1832,-0.84
1833,-0.04
1834,-0.44
1835,-0.8
1836,-0.36
1837,-0.44
1838,1.0
1839,0.44
1840,-0.84
1841,-0.76
1842,-0.44
1843,1.0
1844,0.68
1845,1.0
1846,1.0
1847,-0.44
1848,-0.64
1849,1.0
1850,-0.56
1851,1.0
1852,-0.16
1853,1.0
1854,-0.84
1855,-0.64
1856,1.0
1857,1.0
1858,-0.28
1859,-0.96
1860,0.44
1861,-0.44
1862,1.0
1863,-0.44
1864,0.12
1865,0.04
1866,-0.6
1867,-0.96
1868,1.0
1869,-0.04
1870,-0.84
1871,-0.44
1872,1.0
1873,1.0
1874,0.96
1875,-0.44
1876,1.0
1877,-0.44
1878,1.0
1879,-0.92
1880,-0.96
1881,0.68
1882,-0.44
1883,1.0
1884,-0.44
1885,-0.28
1886,0.96
1887,1.0
1888,-0.28
1889,-0.44
1890,-1.0
1891,-0.16
1892,0.12
1893,0.96
1894,-1.0
1895,1.0
1896,-1.0
1897,1.0
1898,0.96
1899,1.0
1900,1.0
1901,1.0
1902,1.0
1903,1.0
1904,1.0
1905,0.68
1906,1.0
1907,-0.72
1908,-0.12
1909,-0.72
1910,0.12
1911,-0.44
1912,-0.08
1913,-0.44
1914,-0.92
1915,-0.44
1916,1.0
1917,-0.6
1918,1.0
1919,-0.56
1920,0.88
1921,0.24
1922,0.92
1923,-0.44
1924,1.0
1925,0.68
1926,-0.44
1927,0.92
1928,1.0
1929,1.0
1930,-0.44
1931,-0.64
1932,1.0
1933,1.0
1934,0.0
1935,0.76
1936,1.0
1937,1.0
1938,-0.08
1939,1.0
1940,-0.44
1941,1.0
1942,-1.0
1943,-0.92
1944,-0.28
1945,-0.96
1946,-0.44
1947,1.0
1948,1.0
1949,1.0
1950,-0.44
1951,0.12
1952,0.44
1953,-0.16
1954,-0.56
1955,0.12
1956,0.96
1957,1.0
1958,0.96
1959,-0.44
1960,1.0
1961,-0.44
1962,-0.44
1963,-0.84
1964,0.0
1965,1.0
1966,0.96
1967,1.0
1968,0.68
1969,1.0
1970,-0.96
1971,1.0
1972,0.12
1973,1.0
1974,0.28
1975,-0.44
1976,0.6
1977,-0.44
1978,0.44
1979,-0.96
1980,0.68
1981,1.0
1982,0.52
1983,-0.44
1984,-0.24
1985,0.68
1986,1.0
1987,1.0
1988,0.96
1989,0.92
1990,-0.44
1991,1.0
1992,-0.28
1993,1.0
1994,-0.44
1995,0.12
1996,0.56
1997,-0.44
1998,-0.44
1999,0.84
2000,-0.44
2001,0.68
2002,-0.64
2003,-0.36
2004,-0.44
2005,1.0
2006,-0.44
2007,0.12
2008,-0.72
2009,1.0
2010,0.4
2011,0.92
2012,0.44
2013,-0.44
2014,0.0
2015,1.0
2016,-0.44
2017,1.0
2018,1.0
2019,0.12
2020,1.0
2021,1.0
2022,1.0
2023,-0.88
2024,0.96
2025,-0.44
2026,1.0
2027,1.0
2028,1.0
2029,-0.76
2030,-0.44
2031,-0.08
2032,0.68
2033,-0.2
2034,0.68
2035,1.0
2036,0.68
2037,-0.64
2038,-0.6
2039,1.0
2040,-0.04
2041,-0.72
2042,1.0
2043,0.68
2044,1.0
2045,1.0
2046,1.0
2047,1.0
2048,-0.64
2049,0.44
2050,1.0
2051,-0.28
2052,0.12
2053,-1.0
2054,1.0
2055,1.0
2056,1.0
2057,0.68
2058,0.44
2059,1.0
2060,-0.28
2061,-0.44
2062,0.4
2063,1.0
2064,0.08
2065,0.28
2066,1.0
2067,1.0
2068,0.28
2069,1.0
2070,0.28
2071,1.0
2072,-0.44
2073,1.0
2074,-0.44
2075,-0.28
2076,-0.96
2077,1.0
2078,-0.44
2079,-0.68
2080,0.04
2081,-0.44
2082,1.0
2083,-0.44
2084,-0.4
2085,1.0
2086,-0.08
2087,0.56
2088,1.0
2089,0.68
2090,-0.44
2091,1.0
2092,1.0
2093,0.68
2094,0.68
2095,-0.44
2096,-0.96
2097,0.68
2098,-0.76
2099,1.0
2100,0.0
2101,-0.2
2102,-0.8
2103,-0.44
2104,0.68
2105,-0.44
2106,-0.96
2107,-0.96
2108,1.0
2109,-0.44
2110,1.0
2111,0.68
2112,1.0
2113,1.0
2114,1.0
2115,0.68
2116,0.96
2117,0.72
2118,-0.96
2119,-0.6
2120,-0.92
2121,-0.44
2122,1.0
2123,-0.44
2124,-0.28
2125,1.0
2126,1.0
2127,0.12
2128,-0.44
2129,1.0
2130,1.0
2131,-0.44
2132,-0.44
2133,1.0
2134,-0.12
2135,0.12
2136,1.0
2137,1.0
2138,-0.28
2139,-0.56
2140,0.92
2141,0.12
2142,1.0
2143,1.0
2144,-0.72
2145,-0.44
2146,0.96
2147,-0.32
2148,-0.44
2149,-0.44
2150,1.0
2151,1.0
2152,-0.44
2153,0.92
2154,0.68
2155,1.0
2156,0.48
2157,1.0
2158,0.68
2159,0.68
2160,1.0
2161,0.12
2162,-0.52
2163,1.0
2164,-0.44
2165,0.92
2166,-0.28
2167,1.0
2168,-0.44
2169,0.12
2170,1.0
2171,0.68
2172,1.0
2173,-0.64
2174,1.0
2175,-0.44
2176,0.76
2177,1.0
2178,1.0
2179,-0.84
2180,-0.44
2181,-0.44
2182,0.6
2183,0.76
2184,-0.08
2185,0.68
2186,0.2
2187,-0.44
2188,0.44
2189,1.0
2190,1.0
2191,1.0
2192,0.68
2193,-0.04
2194,0.32
2195,1.0
2196,1.0
2197,-0.04
2198,-0.76
2199,-0.44
2200,-0.44
2201,1.0
2202,-0.28
2203,0.36
2204,-0.96
2205,-0.28
2206,1.0
2207,1.0
2208,-0.48
2209,0.0
2210,1.0
2211,0.68
2212,0.92
2213,-0.48
2214,-0.44
2215,1.0
2216,0.92
2217,0.68
2218,-0.52
2219,0.88
2220,0.68
2221,1.0
2222,1.0
2223,-0.44
2224,-0.72
2225,1.0
2226,1.0
2227,-0.72
2228,-0.4
2229,0.52
2230,0.68
2231,1.0
2232,1.0
2233,0.72
2234,-0.44
2235,1.0
2236,-0.28
2237,-0.44
2238,1.0
2239,1.0
2240,0.44
2241,0.92
2242,-0.44
2243,1.0
2244,-0.04
2245,0.0
2246,0.16
2247,0.68
2248,-0.44
2249,-0.44
2250,1.0
2251,1.0
2252,0.84
2253,1.0
2254,0.68
2255,1.0
2256,0.0
2257,0.44
2258,-0.44
2259,0.84
2260,-0.44
2261,-0.04
2262,-0.28
2263,1.0
2264,-1.0
2265,0.12
2266,-0.96
2267,-0.44
2268,1.0
2269,0.2
2270,-0.28
2271,-0.28
2272,-0.44
2273,-0.16
2274,-0.28
2275,1.0
2276,1.0
2277,-0.44
2278,1.0
2279,-0.64
2280,0.92
2281,-0.4
2282,0.44
2283,0.68
2284,1.0
2285,1.0
2286,-0.44
2287,0.88
2288,0.2
2289,-0.84
2290,0.68
2291,-0.96
2292,0.96
2293,-0.44
2294,-0.44
2295,1.0
2296,0.44
2297,-0.6
2298,0.8
2299,0.68
2300,-0.32
2301,-1.0
2302,0.68
2303,0.0
2304,-0.44
2305,-0.44
2306,-0.08
2307,0.76
2308,-0.28
2309,1.0
2310,0.68
2311,0.84
2312,0.0
2313,-0.76
2314,0.44
2315,0.0
2316,0.12
2317,-0.44
2318,1.0
2319,-0.16
2320,1.0
2321,1.0
2322,1.0
2323,0.12
2324,-0.8
2325,1.0
2326,1.0
2327,0.76
2328,-0.44
2329,-0.44
2330,1.0
2331,-0.44
2332,0.76
2333,-0.44
2334,1.0
2335,-0.28
2336,1.0
2337,-0.44
2338,-0.96
2339,1.0
2340,1.0
2341,1.0
2342,0.92
2343,-0.28
2344,1.0
2345,0.6
2346,0.12
2347,-0.4
2348,1.0
2349,0.12
2350,-0.44
2351,-0.2
2352,-0.44
2353,-0.6
2354,1.0
2355,1.0
2356,1.0
2357,-0.96
2358,-0.96
2359,0.44
2360,1.0
2361,1.0
2362,-0.96
2363,-0.28
2364,1.0
2365,-0.96
2366,0.0
2367,-0.08
2368,0.16
2369,-1.0
2370,-0.44
2371,1.0
2372,-0.04
2373,1.0
2374,1.0
2375,1.0
2376,1.0
2377,1.0
2378,-0.64
2379,1.0
2380,0.0
2381,1.0
2382,1.0
2383,0.88
2384,-0.84
2385,1.0
2386,-0.28
2387,-0.04
2388,1.0
2389,-0.96
2390,0.0
2391,1.0
2392,0.84
2393,-0.44
2394,-0.44
2395,1.0
2396,0.0
2397,0.2
2398,0.12
2399,-0.44
2400,-1.0
2401,-0.84
2402,0.0
2403,0.84
2404,-0.2
2405,0.0
2406,-0.28
2407,1.0
2408,1.0
2409,-0.56
2410,-0.44
2411,1.0
2412,0.68
2413,1.0
2414,1.0
2415,0.2
2416,1.0
2417,1.0
2418,0.12
2419,0.96
2420,1.0
2421,0.92
2422,-0.96
2423,-0.44
2424,0.44
2425,-0.88
2426,1.0
2427,1.0
2428,0.68
2429,1.0
2430,0.0
2431,-0.44
2432,1.0
2433,0.96
2434,1.0
2435,-0.84
2436,0.68
2437,0.84
2438,0.44
2439,0.68
2440,0.68
2441,-0.96
2442,1.0
2443,0.68
2444,-0.92
2445,1.0
2446,-0.48
2447,-0.44
2448,0.68
2449,0.92
2450,1.0
2451,-0.44
2452,1.0
2453,-0.04
2454,-0.44
2455,1.0
2456,-0.76
2457,1.0
2458,1.0
2459,-0.28
2460,-0.44
2461,1.0
2462,0.2
2463,0.68
2464,-0.44
2465,-0.84
2466,-0.8
2467,0.68
2468,-0.44
2469,0.56
2470,-0.8
2471,1.0
2472,-0.24
2473,0.68
2474,1.0
2475,1.0
2476,-0.72
2477,-0.08
2478,0.92
2479,0.76
2480,0.92
2481,-0.6
2482,0.88
2483,0.12
2484,0.92
2485,-0.6
2486,-0.84
2487,-0.64
2488,-0.08
2489,1.0
2490,0.44
2491,1.0
2492,-0.44
2493,-0.44
2494,-0.44
2495,1.0
2496,0.68
2497,-0.44
2498,1.0
2499,-0.44
2500,-0.96
2501,1.0
2502,1.0
2503,-0.92
2504,1.0
2505,0.92
2506,-0.96
2507,0.44
2508,1.0
2509,1.0
2510,1.0
2511,-0.2
2512,-0.96
2513,-0.44
2514,0.24
2515,1.0
2516,-0.44
2517,0.2
2518,-1.0
2519,0.0
2520,0.92
2521,-0.2
2522,-0.28
2523,-0.16
2524,1.0
2525,0.68
2526,0.92
2527,1.0
2528,0.56
2529,1.0
2530,0.12
2531,0.12
2532,0.2
2533,1.0
2534,-0.44
2535,1.0
2536,-0.44
2537,1.0
2538,-0.88
2539,-0.28
2540,1.0
2541,-0.28
2542,1.0
2543,0.28
2544,0.96
2545,0.44
2546,-0.28
2547,1.0
2548,0.96
2549,-0.44
2550,0.88
2551,-0.44
2552,1.0
2553,1.0
2554,0.92
2555,0.12
2556,-0.44
2557,-0.92
2558,1.0
2559,-0.44
2560,0.68
2561,0.28
2562,-0.92
2563,1.0
2564,-0.92
2565,-0.08
2566,1.0
2567,1.0
2568,1.0
2569,-0.04
2570,-0.44
2571,0.96
2572,0.12
2573,-0.96
2574,-0.44
2575,1.0
2576,1.0
2577,1.0
2578,0.12
2579,0.52
2580,0.2
2581,-0.2
2582,0.92
2583,1.0
2584,0.12
2585,0.44
2586,1.0
2587,0.12
2588,0.96
2589,0.92
2590,-0.44
2591,-0.28
2592,-1.0
2593,-0.44
2594,-1.0
2595,-0.04
2596,-0.6
2597,-0.04
2598,1.0
2599,-0.28
2600,-0.44
2601,0.24
2602,-0.96
2603,0.92
2604,1.0
2605,-0.44
2606,-0.68
2607,-1.0
2608,-0.72
2609,0.0
2610,0.92
2611,0.68
2612,1.0
2613,0.84
2614,-0.28
2615,1.0
2616,0.68
2617,0.92
2618,1.0
2619,1.0
2620,-0.44
2621,1.0
2622,-0.68
2623,-1.0
2624,-0.44
2625,-0.48
2626,1.0
2627,1.0
2628,0.68
2629,-0.44
2630,-0.92
2631,-0.28
2632,-0.44
2633,1.0
2634,-0.44
2635,1.0
2636,-0.84
2637,1.0
2638,0.68
2639,-0.44
2640,0.96
2641,-0.08
2642,-0.44
2643,0.68
2644,1.0
2645,-1.0
2646,-0.44
2647,-0.44
2648,-0.44
2649,-0.44
2650,1.0
2651,-0.88
2652,1.0
2653,1.0
2654,1.0
2655,-0.64
2656,-0.2
2657,1.0
2658,-1.0
2659,0.92
2660,0.96
2661,0.12
2662,1.0
2663,-0.4
2664,0.56
2665,0.52
2666,-1.0
2667,-0.04
2668,1.0
2669,0.56
2670,-0.84
2671,0.6
2672,-0.68
2673,0.0
2674,0.44
2675,-0.44
2676,-0.08
2677,1.0
2678,-0.84
2679,1.0
2680,0.84
2681,-0.44
2682,0.68
2683,0.04
2684,1.0
2685,-1.0
2686,-0.44
2687,-0.44
2688,1.0
2689,-0.36
2690,0.56
2691,0.96
2692,1.0
2693,1.0
2694,0.68
2695,1.0
2696,-0.76
2697,1.0
2698,1.0
2699,0.92
2700,1.0
2701,-0.44
2702,1.0
2703,-0.44
2704,-0.44
2705,0.12
2706,1.0
2707,1.0
2708,0.96
2709,0.72
2710,-0.96
2711,-0.44
2712,-0.36
2713,1.0
2714,1.0
2715,1.0
2716,-0.68
2717,-0.44
2718,1.0
2719,0.96
2720,-0.92
2721,1.0
2722,-0.96
2723,1.0
2724,0.32
2725,1.0
2726,1.0
2727,1.0
2728,1.0
2729,1.0
2730,1.0
2731,-0.44
2732,-0.44
2733,-0.36
2734,1.0
2735,-0.44
2736,0.92
2737,0.32
2738,1.0
2739,-0.8
2740,-0.64
2741,1.0
2742,-0.44
2743,1.0
2744,1.0
2745,1.0
2746,-0.08
2747,0.88
2748,-0.84
2749,0.2
2750,0.92
2751,0.68
2752,0.12
2753,1.0
2754,1.0
2755,1.0
2756,0.88
2757,0.36
2758,-0.44
2759,-0.44
2760,1.0
2761,-0.92
2762,0.68
2763,0.12
2764,0.0
2765,0.04
2766,-0.48
2767,1.0
2768,-0.44
2769,1.0
2770,1.0
2771,-0.04
2772,-0.72
2773,1.0
2774,-0.96
2775,-0.08
2776,1.0
2777,1.0
2778,0.68
2779,-0.44
2780,1.0
2781,-0.44
2782,-0.44
2783,-0.08
2784,0.12
2785,-1.0
2786,1.0
2787,1.0
2788,-0.44
2789,0.44
2790,1.0
2791,1.0
2792,0.84
2793,0.96
2794,-0.96
2795,0.24
2796,-0.28
2797,1.0
2798,0.12
2799,-0.44
2800,-0.44
2801,-0.96
2802,-0.72
2803,-0.44
2804,-0.92
2805,1.0
2806,0.4
2807,1.0
2808,-0.16
2809,1.0
2810,-0.68
2811,-0.96
2812,1.0
2813,0.84
2814,1.0
2815,1.0
2816,-0.44
2817,-0.6
2818,0.12
2819,-0.44
2820,0.0
2821,-0.64
2822,-0.44
2823,-0.52
2824,1.0
2825,1.0
2826,0.92
2827,1.0
2828,1.0
2829,1.0
2830,0.92
2831,1.0
2832,1.0
2833,-0.44
2834,-0.12
2835,0.12
2836,1.0
2837,0.04
2838,0.0
2839,0.56
2840,0.68
2841,-0.96
2842,-0.08
2843,-0.12
2844,-0.16
2845,1.0
2846,-0.44
2847,0.68
2848,-0.44
2849,1.0
2850,-0.88
2851,0.68
2852,-0.44
2853,1.0
2854,-0.44
2855,-0.44
2856,1.0
2857,-0.4
2858,1.0
2859,-0.44
2860,-0.88
2861,-0.16
2862,-0.44
2863,-0.44
2864,0.12
2865,1.0
2866,-0.44
2867,-0.44
2868,1.0
2869,-0.6
2870,0.12
2871,-0.44
2872,-0.28
2873,0.92
2874,1.0
2875,-0.96
2876,-0.44
2877,-0.68
2878,0.0
2879,-0.48
2880,0.68
2881,0.28
2882,1.0
2883,1.0
2884,0.12
2885,0.68
2886,-0.72
2887,1.0
2888,-0.64
2889,-1.0
2890,0.68
2891,0.76
2892,1.0
2893,-0.8
2894,0.88
2895,0.92
2896,1.0
2897,1.0
2898,-0.04
2899,1.0
2900,-0.04
2901,-0.64
2902,1.0
2903,-0.12
2904,-0.44
2905,1.0
2906,-0.72
2907,1.0
2908,1.0
2909,-0.76
2910,1.0
2911,0.08
2912,-0.96
2913,1.0
2914,-0.44
2915,1.0
2916,0.0
2917,1.0
2918,1.0
2919,0.04
2920,0.12
2921,0.8
2922,1.0
2923,0.44
2924,0.68
2925,0.68
2926,1.0
2927,-0.12
2928,-0.12
2929,1.0
2930,-0.68
2931,-0.04
2932,1.0
2933,0.92
2934,1.0
2935,1.0
2936,1.0
2937,-0.44
2938,1.0
2939,0.12
2940,0.88
2941,1.0
2942,-0.48
2943,-0.4
2944,0.24
2945,1.0
2946,0.96
2947,-0.16
2948,0.12
2949,-0.44
2950,1.0
2951,-0.44
2952,0.04
2953,1.0
2954,-0.96
2955,0.92
2956,1.0
2957,-0.04
2958,-1.0
2959,1.0
2960,-0.44
2961,-0.16
2962,0.68
2963,-0.96
2964,0.92
2965,-0.8
2966,1.0
2967,0.92
2968,-0.04
2969,0.72
2970,-0.44
2971,-0.44
2972,1.0
2973,0.88
2974,-0.04
2975,0.0
2976,0.68
2977,0.12
2978,1.0
2979,-0.12
2980,-0.44
2981,1.0
2982,1.0
2983,1.0
2984,-0.08
2985,-1.0
2986,-0.44
2987,-0.44
2988,0.36
2989,1.0
2990,-0.4
2991,1.0
2992,0.44
2993,0.56
2994,-0.44
2995,0.68
2996,1.0
2997,1.0
2998,0.44
2999,-0.28
3000,0.96
3001,1.0
3002,1.0
3003,1.0
3004,-0.44
3005,0.12
3006,1.0
3007,0.04
3008,-0.44
3009,0.56
3010,-1.0
3011,0.44
3012,1.0
3013,-0.56
3014,-0.44
3015,0.76
3016,0.12
3017,1.0
3018,0.84
3019,1.0
3020,-0.04
3021,-0.04
3022,-0.44
3023,-0.44
3024,-0.44
3025,1.0
3026,-0.08
3027,-0.44
3028,-0.44
3029,1.0
3030,-0.44
3031,1.0
3032,-0.44
3033,-0.2
3034,1.0
3035,0.68
3036,0.44
3037,0.04
3038,-0.4
3039,1.0
3040,1.0
3041,-0.08
3042,0.04
3043,-0.12
3044,-0.96
3045,-0.44
3046,-0.44
3047,0.0
3048,-0.28
3049,0.92
3050,-0.96
3051,1.0
3052,1.0
3053,0.68
3054,-0.44
3055,-0.72
3056,0.12
3057,-0.6
3058,0.04
3059,0.44
3060,-0.44
3061,0.12
3062,1.0
3063,-0.96
3064,-0.44
3065,-0.64
3066,1.0
3067,1.0
3068,0.12
3069,0.96
3070,1.0
3071,0.52
3072,0.0
3073,1.0
3074,0.84
3075,1.0
3076,-0.96
3077,1.0
3078,0.0
3079,1.0
3080,0.56
3081,1.0
3082,1.0
3083,-0.44
3084,1.0
3085,-0.12
3086,-0.56
3087,1.0
3088,-0.92
3089,1.0
3090,-0.64
3091,1.0
3092,0.72
3093,0.56
3094,1.0
3095,-0.44
3096,1.0
3097,-0.08
3098,0.56
3099,-0.44
3100,1.0
3101,-0.72
3102,1.0
3103,-0.68
3104,1.0
3105,1.0
3106,1.0
3107,0.0
3108,0.12
3109,-0.16
3110,1.0
3111,1.0
3112,1.0
3113,-0.08
3114,-0.88
3115,-0.04
3116,1.0
3117,1.0
3118,-0.88
3119,1.0
3120,-0.2
3121,-0.44
3122,1.0
3123,-0.44
3124,1.0
3125,-0.44
3126,1.0
3127,0.04
3128,-0.44
3129,1.0
3130,-0.96
3131,0.56
3132,0.2
3133,-0.96
3134,-0.44
3135,-0.76
3136,0.12
3137,-0.44
3138,1.0
3139,0.68
3140,-0.44
3141,-0.44
3142,-0.24
3143,-0.44
3144,-1.0
3145,-0.04
3146,-0.04
3147,0.92
3148,-0.92
3149,0.12
3150,-0.44
3151,-0.44
3152,-0.44
3153,-0.44
3154,0.64
3155,0.72
3156,0.68
3157,0.28
3158,1.0
3159,0.92
3160,1.0
3161,1.0
3162,1.0
3163,1.0
3164,0.12
3165,0.12
3166,-0.44
3167,0.56
3168,0.92
3169,0.76
3170,1.0
3171,-0.44
3172,1.0
3173,-0.44
3174,-0.44
3175,1.0
3176,1.0
3177,0.68
3178,1.0
3179,0.0
3180,1.0
3181,1.0
3182,0.92
3183,1.0
3184,0.44
3185,-0.44
3186,1.0
3187,0.0
3188,1.0
3189,-0.28
3190,0.68
3191,-1.0
3192,-0.44
3193,0.88
3194,-0.44
3195,0.12
3196,1.0
3197,1.0
3198,0.08
3199,1.0
3200,-0.84
3201,0.68
3202,1.0
3203,-0.68
3204,1.0
3205,0.12
3206,0.92
3207,-0.44
3208,-0.36
3209,1.0
3210,1.0
3211,1.0
3212,0.92
3213,-0.44
3214,-0.44
3215,0.0
3216,0.96
3217,1.0
3218,-0.44
3219,-0.44
3220,-0.76
3221,-0.44
3222,0.0
3223,-0.44
3224,0.8
3225,1.0
3226,-0.96
3227,1.0
3228,-0.44
3229,0.52
3230,-0.16
3231,0.44
3232,0.96
3233,0.44
3234,0.68
3235,1.0
3236,0.0
3237,1.0
3238,0.28
3239,-0.96
3240,-0.72
3241,0.12
3242,1.0
3243,-1.0
3244,1.0
3245,1.0
3246,-0.16
3247,-0.4
3248,-0.08
3249,0.68
3250,1.0
3251,-0.84
3252,0.92
3253,-0.44
3254,-0.88
3255,-0.44
3256,0.84
3257,-0.44
3258,-0.44
3259,0.12
3260,0.92
3261,-0.44
3262,1.0
3263,-0.16
3264,-0.08
3265,-0.04
3266,1.0
3267,-0.44
3268,0.0
3269,1.0
3270,1.0
3271,1.0
3272,-0.44
3273,0.2
3274,0.12
3275,0.32
3276,0.12
3277,-0.36
3278,-0.96
3279,1.0
3280,1.0
3281,1.0
3282,1.0
3283,1.0
3284,-0.92
3285,0.36
3286,1.0
3287,1.0
3288,1.0
3289,-0.44
3290,0.92
3291,1.0
3292,0.68
3293,-0.68
3294,0.12
3295,0.56
3296,-0.84
3297,-0.44
3298,1.0
3299,1.0
3300,1.0
3301,-0.96
3302,1.0
3303,-0.04
3304,-0.44
3305,0.0
3306,-0.44
3307,-0.68
3308,-0.44
3309,0.12
3310,0.56
3311,-0.04
3312,0.0
3313,1.0
3314,1.0
3315,0.84
3316,1.0
3317,0.2
3318,0.96
3319,0.88
3320,-0.44
3321,1.0
3322,-0.44
3323,0.68
3324,-0.24
3325,1.0
3326,1.0
3327,-0.4
3328,-0.44
3329,1.0
3330,-0.28
3331,1.0
3332,0.88
3333,-0.56
3334,1.0
3335,-0.44
3336,-0.32
3337,-0.44
3338,0.24
3339,0.76
3340,-0.44
3341,-0.44
3342,-0.44
3343,1.0
3344,0.12
3345,-0.44
3346,0.12
3347,1.0
3348,0.92
3349,-0.44
3350,-1.0
3351,1.0
3352,-0.44
3353,1.0
3354,0.0
3355,0.68
3356,0.96
3357,0.12
3358,-0.44
3359,0.12
3360,0.6
3361,-1.0
3362,-0.44
3363,0.12
3364,1.0
3365,0.68
3366,1.0
3367,0.2
3368,-0.44
3369,1.0
3370,-0.44
3371,-0.44
3372,-0.44
3373,1.0
3374,-0.2
3375,-1.0
3376,0.96
3377,-0.16
3378,1.0
3379,0.0
3380,-0.08
3381,0.92
3382,0.68
3383,1.0
3384,1.0
3385,-1.0
3386,1.0
3387,0.36
3388,0.92
3389,0.28
3390,1.0
3391,-0.2
3392,1.0
3393,1.0
3394,-1.0
3395,0.96
3396,-0.44
3397,1.0
3398,-0.4
3399,-0.04
3400,-1.0
3401,-0.28
3402,0.12
3403,-0.44
3404,1.0
3405,1.0
3406,0.84
3407,1.0
3408,0.48
3409,1.0
3410,-1.0
3411,-0.44
3412,1.0
3413,-0.84
3414,1.0
3415,-0.36
3416,0.88
3417,1.0
3418,0.76
3419,1.0
3420,1.0
3421,0.68
3422,1.0
3423,0.76
3424,-0.08
3425,-0.4
3426,-0.44
3427,-0.44
3428,-0.44
3429,0.64
3430,0.96
3431,1.0
3432,0.44
3433,1.0
3434,-0.16
3435,-0.68
3436,1.0
3437,-0.44
3438,0.68
3439,-0.96
3440,0.68
3441,-0.72
3442,0.52
3443,-0.44
3444,0.44
3445,0.12
3446,0.48
3447,-0.36
3448,1.0
3449,1.0
3450,1.0
3451,0.52
3452,0.48
3453,-0.16
3454,1.0
3455,0.68
3456,-0.4
3457,-0.44
3458,-0.44
3459,1.0
3460,-0.44
3461,1.0
3462,-0.44
3463,1.0
3464,-0.56
3465,0.68
3466,0.04
3467,0.36
3468,0.24
3469,0.2
3470,0.88
3471,1.0
3472,0.12
3473,-0.44
3474,1.0
3475,1.0
3476,-0.44
3477,0.12
3478,-0.44
3479,1.0
3480,1.0
3481,-0.44
3482,0.88
3483,-0.44
3484,0.92
3485,0.84
3486,-0.44
3487,1.0
3488,-0.44
3489,-0.96
3490,0.04
3491,-0.68
3492,0.84
3493,1.0
3494,0.76
3495,1.0
3496,0.0
3497,1.0
3498,-0.72
3499,1.0
3500,-0.64
3501,1.0
3502,0.68
3503,0.44
3504,0.12
3505,-0.68
3506,1.0
3507,0.68
3508,1.0
3509,0.92
3510,-0.96
3511,0.96
3512,0.56
3513,-0.92
3514,-0.4
3515,1.0
3516,1.0
3517,-0.44
3518,-0.44
3519,1.0
3520,0.96
3521,1.0
3522,-0.44
3523,1.0
3524,-0.44
3525,1.0
3526,0.12
3527,1.0
3528,1.0
3529,0.68
3530,-0.44
3531,1.0
3532,0.92
3533,-0.44
3534,-0.44
3535,0.56
3536,-0.96
3537,1.0
3538,-0.44
3539,1.0
3540,0.68
3541,-0.76
3542,0.6
3543,1.0
3544,0.48
3545,0.68
3546,1.0
3547,-0.52
3548,0.96
3549,0.76
3550,0.12
3551,-0.8
3552,1.0
3553,-0.96
3554,-0.44
3555,0.68
3556,0.12
3557,-0.8
3558,1.0
3559,-0.04
3560,0.68
3561,1.0
3562,0.12
3563,0.92
3564,-0.28
3565,1.0
3566,0.68
3567,-0.44
3568,1.0
3569,-0.32
3570,-0.04
3571,0.12
3572,-0.44
3573,1.0
3574,-0.64
3575,1.0
3576,-0.08
3577,-0.44
3578,1.0
3579,-0.28
3580,0.08
3581,1.0
3582,-0.44
3583,1.0
3584,-0.44
3585,-0.44
3586,-0.44
3587,-0.96
3588,-0.28
3589,-0.44
3590,1.0
3591,1.0
3592,1.0
3593,-0.44
3594,0.84
3595,0.48
3596,0.68
3597,-0.2
3598,0.84
3599,-0.44
3600,1.0
3601,1.0
3602,0.0
3603,-0.44
3604,-0.44
3605,1.0
3606,-0.2
3607,0.0
3608,-0.16
3609,-0.84
3610,1.0
3611,-0.76
3612,1.0
3613,-0.44
3614,1.0
3615,1.0
3616,-0.44
3617,-0.44
3618,0.92
3619,0.12
3620,1.0
3621,0.92
3622,-0.92
3623,0.12
3624,-0.8
3625,0.12
3626,0.96
3627,-0.44
3628,-0.44
3629,0.12
3630,-0.92
3631,-0.44
3632,1.0
3633,-0.44
3634,0.68
3635,0.68
3636,1.0
3637,-0.44
3638,1.0
3639,-0.44
3640,-1.0
3641,-0.4
3642,1.0
3643,0.12
3644,1.0
3645,-0.08
3646,-0.44
3647,-0.44
3648,1.0
3649,1.0
3650,1.0
3651,0.68
3652,0.68
3653,-0.44
3654,1.0
3655,0.92
3656,-0.4
3657,1.0
3658,-0.28
3659,0.0
3660,1.0
3661,0.96
3662,-0.44
3663,0.88
3664,-0.44
3665,-0.12
3666,-0.96
3667,-0.96
3668,-0.16
3669,-0.04
3670,0.12
3671,-0.44
3672,-0.56
3673,-0.48
3674,-0.44
3675,0.76
3676,-0.28
3677,-0.4
3678,-0.08
3679,1.0
3680,-0.52
3681,-0.44
3682,0.44
3683,-0.08
3684,1.0
3685,0.0
3686,0.12
3687,0.92
3688,-0.44
3689,1.0
3690,1.0
3691,1.0
3692,1.0
3693,1.0
3694,0.04
3695,1.0
3696,-0.44
3697,-0.64
3698,0.68
3699,1.0
3700,-0.12
3701,-0.96
3702,0.0
3703,-0.44
3704,1.0
3705,0.92
3706,-0.44
3707,-1.0
3708,0.12
3709,0.04
3710,0.68
3711,1.0
3712,0.12
3713,1.0
3714,1.0
3715,1.0
3716,-1.0
3717,1.0
3718,1.0
3719,-0.44
3720,0.4
3721,1.0
3722,0.44
3723,-0.6
3724,-0.44
3725,-0.44
3726,0.68
3727,0.68
3728,-0.76
3729,1.0
3730,-0.4
3731,0.68
3732,-0.56
3733,1.0
3734,-0.44
3735,1.0
3736,1.0
3737,-0.44
3738,1.0
3739,1.0
3740,1.0
3741,1.0
3742,1.0
3743,-0.44
3744,1.0
3745,-0.44
3746,1.0
3747,0.68
3748,-0.04
3749,1.0
3750,0.2
3751,0.6
3752,-0.96
3753,1.0
3754,-0.96
3755,-0.44
3756,0.96
3757,-0.84
3758,-0.08
3759,-0.44
3760,-1.0
3761,0.44
3762,-0.44
3763,1.0
3764,-0.44
3765,-0.36
3766,1.0
3767,-0.44
3768,0.36
3769,-0.2
3770,1.0
3771,1.0
3772,1.0
3773,-0.36
3774,1.0
3775,1.0
3776,0.36
3777,-0.44
3778,1.0
3779,0.44
3780,1.0
3781,0.92
3782,1.0
3783,-0.8
3784,-0.44
3785,1.0
3786,0.0
3787,-0.16
3788,-0.68
3789,1.0
3790,-0.44
3791,0.12
3792,0.92
3793,0.12
3794,-0.2
3795,-0.4
3796,0.12
3797,0.84
3798,-0.44
3799,-0.44
3800,1.0
3801,0.12
3802,-0.44
3803,1.0
3804,1.0
3805,1.0
3806,1.0
3807,1.0
3808,-0.44
3809,-0.64
3810,1.0
3811,0.92
3812,-0.44
3813,1.0
3814,-0.96
3815,0.92
3816,-0.44
3817,-0.44
3818,0.92
3819,-0.28
3820,1.0
3821,0.4
3822,-0.4
3823,0.12
3824,1.0
3825,-0.16
3826,-0.8
3827,-0.64
3828,-0.44
3829,-1.0
3830,1.0
3831,0.12
3832,-0.44
3833,0.68
3834,-0.44
3835,0.88
3836,-0.44
3837,-0.44
3838,1.0
3839,-0.96
3840,0.8
3841,-0.6
3842,-0.44
3843,-0.4
3844,-0.44
3845,1.0
3846,1.0
3847,1.0
3848,1.0
3849,-0.44
3850,-0.44
3851,1.0
3852,1.0
3853,-0.96
3854,1.0
3855,1.0
3856,1.0
3857,1.0
3858,1.0
3859,-1.0
3860,0.12
3861,-0.28
3862,-0.44
3863,1.0
3864,1.0
3865,-0.04
3866,0.96
3867,-0.44
3868,-0.28
3869,-0.08
3870,1.0
3871,-1.0
3872,-0.2
3873,-0.28
3874,0.68
3875,0.68
3876,-1.0
3877,-0.72
3878,0.2
3879,1.0
3880,-0.68
3881,1.0
3882,0.68
3883,-0.44
3884,0.84
3885,0.68
3886,-0.44
3887,0.28
3888,1.0
3889,0.0
3890,1.0
3891,0.96
3892,0.88
3893,-0.04
3894,0.84
3895,-0.44
3896,-0.2
3897,-0.96
3898,-0.16
3899,0.96
3900,1.0
3901,-0.44
3902,-0.44
3903,1.0
3904,0.72
3905,0.56
3906,0.68
3907,0.12
3908,0.88
3909,0.0
3910,1.0
3911,0.68
3912,0.96
3913,1.0
3914,0.12
3915,0.84
3916,-0.4
3917,-0.44
3918,0.12
3919,0.08
3920,-0.64
3921,-0.44
3922,1.0
3923,0.12
3924,1.0
3925,0.96
3926,0.04
3927,0.68
3928,0.96
3929,-0.2
3930,-0.44
3931,0.92
3932,1.0
3933,-0.76
3934,1.0
3935,0.76
3936,1.0
3937,0.96
3938,1.0
3939,-0.84
3940,1.0
3941,0.68
3942,-1.0
3943,-1.0
3944,0.44
3945,1.0
3946,-1.0
3947,-0.44
3948,-0.4
3949,-0.44
3950,1.0
3951,1.0
3952,0.68
3953,0.64
3954,0.12
3955,1.0
3956,-0.44
3957,-0.56
3958,1.0
3959,-0.48
3960,1.0
3961,0.56
3962,1.0
3963,0.68
3964,1.0
3965,1.0
3966,0.4
3967,1.0
3968,1.0
3969,0.0
3970,1.0
3971,0.12
3972,0.92
3973,0.92
3974,1.0
3975,-0.44
3976,0.56
3977,1.0
3978,1.0
3979,0.92
3980,0.48
3981,0.12
3982,1.0
3983,1.0
3984,0.68
3985,0.68
3986,-0.96
3987,-0.92
3988,1.0
3989,1.0
3990,-0.88
3991,1.0
3992,1.0
3993,-0.44
3994,-0.44
3995,1.0
3996,1.0
3997,0.12
3998,0.44
3999,-0.76
4000,0.84
4001,1.0
4002,1.0
4003,-0.64
4004,1.0
4005,1.0
4006,-0.44
4007,-0.44
4008,1.0
4009,-0.44
4010,-0.44
4011,-1.0
4012,0.68
4013,1.0
4014,-0.44
4015,1.0
4016,0.96
4017,-0.76
4018,0.68
4019,1.0
4020,-0.96
4021,-0.96
4022,1.0
4023,1.0
4024,-0.2
4025,1.0
4026,1.0
4027,-0.8
4028,0.44
4029,1.0
4030,-0.44
4031,-0.44
4032,1.0
4033,1.0
4034,-0.44
4035,1.0
4036,-0.8
4037,1.0
4038,-0.44
4039,-0.96
4040,-0.12
4041,0.96
4042,0.68
4043,-0.44
4044,0.44
4045,-0.84
4046,-0.44
4047,0.68
4048,-0.44
4049,1.0
4050,0.6
4051,-0.44
4052,0.44
4053,-0.44
4054,-0.44
4055,-0.92
4056,-0.96
4057,-0.44
4058,1.0
4059,-0.44
4060,1.0
4061,-0.76
4062,0.92
4063,0.44
4064,1.0
4065,0.0
4066,-0.6
4067,0.44
4068,0.68
4069,-0.44
4070,0.52
4071,0.68
4072,1.0
4073,0.96
4074,0.12
4075,0.88
4076,-0.04
4077,0.68
4078,1.0
4079,0.0
4080,-0.6
4081,-0.8
4082,-0.84
4083,1.0
4084,-0.6
4085,1.0
4086,0.12
4087,0.0
4088,0.92
4089,-0.12
4090,0.68
4091,-0.96
4092,-0.2
4093,-0.44
4094,1.0
4095,0.52
4096,-0.44
4097,0.44
4098,1.0
4099,1.0
4100,1.0
4101,0.44
4102,0.68
4103,-0.44
4104,0.6
4105,1.0
4106,1.0
4107,1.0
4108,-0.28
4109,0.12
4110,-0.64
4111,0.68
4112,1.0
4113,-0.96
4114,1.0
4115,1.0
4116,0.12
4117,1.0
4118,1.0
4119,-0.44
4120,1.0
4121,1.0
4122,0.12
4123,-0.76
4124,0.68
4125,-1.0
4126,0.04
4127,0.52
4128,1.0
4129,1.0
4130,0.44
4131,0.4
4132,0.56
4133,1.0
4134,1.0
4135,-0.44
4136,-0.44
4137,0.36
4138,1.0
4139,-0.8
4140,0.68
4141,1.0
4142,0.12
4143,0.52
4144,0.68
4145,-0.68
4146,1.0
4147,1.0
4148,-0.6
4149,-0.44
4150,0.68
4151,0.4
4152,0.76
4153,1.0
4154,0.12
4155,0.68
4156,1.0
4157,-0.44
4158,-0.92
4159,-0.48
4160,0.44
4161,0.68
4162,0.68
4163,-0.44
4164,1.0
4165,1.0
4166,-0.04
4167,0.0
4168,1.0
4169,1.0
4170,-0.44
4171,0.92
4172,-0.44
4173,-0.44
4174,1.0
4175,-0.64
4176,-0.44
4177,0.68
4178,0.68
4179,0.68
4180,-0.8
4181,1.0
4182,-0.44
4183,1.0
4184,0.6
4185,0.92
4186,-0.96
4187,1.0
4188,-0.44
4189,0.0
4190,-0.44
4191,1.0
4192,1.0
4193,1.0
4194,0.12
4195,-0.76
4196,0.12
4197,0.12
4198,1.0
4199,1.0
4200,0.52
4201,1.0
4202,1.0
4203,1.0
4204,-0.64
4205,1.0
4206,0.76
4207,-0.76
4208,1.0
4209,1.0
4210,-0.72
4211,-0.44
4212,-0.76
4213,0.96
4214,1.0
4215,1.0
4216,1.0
4217,0.68
4218,1.0
4219,1.0
4220,-0.44
4221,1.0
4222,0.96
4223,1.0
4224,0.84
4225,-0.44
4226,0.12
4227,1.0
4228,-0.96
4229,-0.44
4230,-0.44
4231,-0.44
4232,-0.92
4233,1.0
4234,1.0
4235,1.0
4236,0.68
4237,0.0
4238,0.16
4239,1.0
4240,-0.44
4241,-0.04
4242,1.0
4243,0.12
4244,-0.64
4245,1.0
4246,-0.28
4247,-0.96
4248,0.44
4249,-0.44
4250,-1.0
4251,-0.44
4252,0.96
4253,-0.96
4254,-0.2
4255,1.0
4256,1.0
4257,-0.92
4258,-0.96
4259,1.0
4260,1.0
4261,-0.28
4262,-1.0
4263,0.92
4264,-0.04
4265,-0.28
4266,-0.44
4267,-0.44
4268,1.0
4269,0.44
4270,0.0
4271,0.28
4272,0.84
4273,-0.44
4274,1.0
4275,0.96
4276,0.92
4277,-0.44
4278,-0.72
4279,-0.44
4280,1.0
4281,0.08
4282,-0.44
4283,0.68
4284,-0.4
4285,-0.44
4286,1.0
4287,-0.44
4288,0.68
4289,-0.44
4290,-0.28
4291,1.0
4292,-0.4
4293,1.0
4294,-0.56
4295,1.0
4296,1.0
4297,1.0
4298,0.44
4299,0.12
4300,1.0
4301,1.0
4302,-0.04
4303,1.0
4304,1.0
4305,1.0
4306,1.0
4307,1.0
4308,0.56
4309,-0.48
4310,-0.64
4311,-0.84
4312,0.84
4313,0.92
4314,-0.28
4315,1.0
4316,0.68
4317,-0.12
4318,0.12
4319,-0.96
4320,-0.44
4321,1.0
4322,-0.96
4323,-0.92
4324,0.36
4325,-0.44
4326,-0.44
4327,-0.44
4328,1.0
4329,-0.44
4330,1.0
4331,-0.44
4332,-0.44
4333,-0.44
4334,1.0
4335,-0.44
4336,1.0
4337,-0.64
4338,1.0
4339,-0.44
4340,-0.28
4341,1.0
4342,-0.4
4343,0.2
4344,-0.92
4345,0.88
4346,1.0
4347,1.0
4348,1.0
4349,-0.44
4350,0.0
4351,0.92
4352,1.0
4353,0.84
4354,0.44
4355,0.44
4356,0.12
4357,0.16
4358,-0.12
4359,1.0
4360,-0.44
4361,1.0
4362,1.0
4363,0.68
4364,-0.52
4365,1.0
4366,1.0
4367,1.0
4368,1.0
4369,0.52
4370,1.0
4371,0.68
4372,1.0
4373,-0.44
4374,-0.08
4375,-0.44
4376,-0.96
4377,0.44
4378,0.44
4379,-0.44
4380,0.0
4381,1.0
4382,1.0
4383,0.12
4384,-0.44
4385,1.0
4386,-0.52
4387,1.0
4388,1.0
4389,1.0
4390,-0.44
4391,-0.16
4392,1.0
4393,0.92
4394,-0.12
4395,0.68
4396,0.6
4397,1.0
4398,0.44
4399,1.0
4400,-0.44
4401,1.0
4402,0.44
4403,0.12
4404,0.12
4405,-1.0
4406,-0.44
4407,-0.28
4408,1.0
4409,-0.44
4410,1.0
4411,1.0
4412,0.12
4413,-0.88
4414,1.0
4415,0.44
4416,0.72
4417,-0.44
4418,1.0
4419,-0.96
4420,-0.44
4421,1.0
4422,0.0
4423,0.68
4424,0.76
4425,-0.04
4426,-0.4
4427,-0.08
4428,-0.28
4429,-0.6
4430,-0.84
4431,0.44
4432,-0.28
4433,1.0
4434,0.2
4435,0.0
4436,-0.68
4437,1.0
4438,0.04
4439,-0.44
4440,-0.44
4441,-0.44
4442,-0.2
4443,-0.68
4444,1.0
4445,0.0
4446,-0.44
4447,1.0
4448,-0.84
4449,-1.0
4450,-0.28
4451,-0.28
4452,-0.44
4453,1.0
4454,1.0
4455,1.0
4456,0.56
4457,0.68
4458,-0.76
4459,1.0
4460,-0.72
4461,1.0
4462,0.8
4463,0.0
4464,0.0
4465,-0.44
4466,1.0
4467,0.96
4468,0.68
4469,1.0
4470,-0.44
4471,0.12
4472,-0.44
4473,-1.0
4474,0.12
4475,1.0
4476,1.0
4477,-0.24
4478,1.0
4479,1.0
4480,-0.44
4481,-0.96
4482,1.0
4483,1.0
4484,0.12
4485,-0.16
4486,1.0
4487,-0.44
4488,-0.96
4489,0.56
4490,0.92
4491,-0.16
4492,-0.04
4493,1.0
4494,-1.0
4495,0.12
4496,1.0
4497,-0.44
4498,1.0
4499,0.68
4500,0.88
4501,0.6
4502,-0.68
4503,1.0
4504,0.84
4505,1.0
4506,0.64
4507,-0.44
4508,0.12
4509,0.68
4510,1.0
4511,-0.48
4512,0.96
4513,0.36
4514,1.0
4515,-0.44
4516,-0.44
4517,-0.96
4518,0.92
4519,-0.44
4520,-0.44
4521,-0.44
4522,1.0
4523,1.0
4524,0.44
4525,0.68
4526,1.0
4527,0.0
4528,-0.44
4529,1.0
4530,-0.88
4531,-0.44
4532,-0.44
4533,1.0
4534,-0.44
4535,1.0
4536,-1.0
4537,-0.28
4538,1.0
4539,1.0
4540,0.52
4541,0.68
4542,-1.0
4543,-0.12
4544,0.44
4545,-0.64
4546,1.0
4547,-0.84
4548,1.0
4549,0.12
4550,1.0
4551,1.0
4552,-0.04
4553,1.0
4554,1.0
4555,0.12
4556,0.64
4557,-0.44
4558,1.0
4559,-0.4
4560,-0.96
4561,-0.4
4562,1.0
4563,0.68
4564,-0.84
4565,1.0
4566,1.0
4567,1.0
4568,-0.44
4569,0.88
4570,1.0
4571,0.96
4572,-0.44
4573,-0.04
4574,-1.0
4575,-0.44
4576,-0.96
4577,1.0
4578,0.2
4579,-0.16
4580,-0.04
4581,1.0
4582,0.52
4583,0.16
4584,-0.44
4585,0.68
4586,1.0
4587,-0.96
4588,-0.32
4589,0.12
4590,-0.64
4591,0.84
4592,-0.76
4593,-0.44
4594,-0.44
4595,1.0
4596,-0.56
4597,1.0
4598,0.96
4599,0.68
4600,0.44
4601,-0.44
4602,1.0
4603,-0.28
4604,0.0
4605,-0.44
4606,0.12
4607,1.0
4608,-0.44
4609,-0.44
4610,-0.28
4611,-0.44
4612,-0.04
4613,0.44
4614,1.0
4615,-0.72
4616,-0.44
4617,0.44
4618,-0.64
4619,1.0
4620,1.0
4621,-0.72
4622,-0.96
4623,1.0
4624,0.0
4625,1.0
4626,-0.08
4627,1.0
4628,1.0
4629,-0.76
4630,0.96
4631,-0.44
4632,0.88
4633,-0.52
4634,-0.28
4635,-0.24
4636,-0.92
4637,1.0
4638,-0.44
4639,0.92
4640,0.0
4641,0.68
4642,-0.36
4643,1.0
4644,-0.44
4645,-0.76
4646,1.0
4647,0.44
4648,-0.64
4649,1.0
4650,0.16
4651,1.0
4652,1.0
4653,0.44
4654,0.6
4655,1.0
4656,0.0
4657,0.96
4658,-0.44
4659,1.0
4660,-0.84
4661,-0.64
4662,-0.28
4663,-1.0
4664,0.68
4665,-1.0
4666,-0.44
4667,1.0
4668,-0.44
4669,1.0
4670,-0.44
4671,0.68
4672,0.0
4673,-0.44
4674,1.0
4675,1.0
4676,-0.44
4677,0.0
4678,-0.2
4679,-0.76
4680,-0.56
4681,-0.44
4682,-0.96
4683,-0.44
4684,-0.96
4685,-1.0
4686,1.0
4687,1.0
4688,0.12
4689,0.0
4690,1.0
4691,-0.44
4692,-0.96
4693,-0.44
4694,-0.44
4695,0.68
4696,-0.44
4697,1.0
4698,-0.44
4699,0.56
4700,0.68
4701,-0.84
4702,1.0
4703,-1.0
4704,-0.92
4705,1.0
4706,1.0
4707,0.96
4708,-0.28
4709,1.0
4710,-0.44
4711,0.44
4712,0.12
4713,0.44
4714,1.0
4715,0.12
4716,0.72
4717,1.0
4718,0.68
4719,-0.32
4720,1.0
4721,-0.28
4722,-0.96
4723,-0.44
4724,0.12
4725,0.76
4726,-0.44
4727,1.0
4728,-0.8
4729,1.0
4730,0.72
4731,1.0
4732,0.08
4733,0.44
4734,1.0
4735,-0.44
4736,-0.64
4737,0.68
4738,0.44
4739,1.0
4740,1.0
4741,0.12
4742,1.0
4743,-0.96
4744,-0.12
4745,0.04
4746,1.0
4747,-0.04
4748,1.0
4749,1.0
4750,0.96
4751,-0.44
4752,-0.28
4753,0.12
4754,1.0
4755,0.96
4756,-0.44
4757,0.68
4758,-0.28
4759,-0.16
4760,0.12
4761,1.0
4762,1.0
4763,1.0
4764,0.92
4765,1.0
4766,-0.44
4767,-0.44
4768,0.68
4769,0.92
4770,0.68
4771,-0.44
4772,-0.44
4773,-0.44
4774,0.72
4775,0.0
4776,1.0
4777,0.52
4778,-0.2
4779,-0.48
4780,0.12
4781,0.0
4782,0.64
4783,1.0
4784,-0.04
4785,0.12
4786,-0.44
4787,1.0
4788,-0.44
4789,-0.44
4790,1.0
4791,-1.0
4792,1.0
4793,0.92
4794,1.0
4795,1.0
4796,-0.44
4797,-0.44
4798,-0.44
4799,0.0
4800,-0.84
4801,0.28
4802,-0.08
4803,1.0
4804,1.0
4805,-0.44
4806,-0.44
4807,1.0
4808,-0.76
4809,-0.44
4810,-0.44
4811,1.0
4812,1.0
4813,0.44
4814,1.0
4815,-0.2
4816,0.44
4817,-0.44
4818,-0.28
4819,-1.0
4820,1.0
4821,-0.04
4822,0.92
4823,0.12
4824,-0.44
4825,-0.04
4826,0.12
4827,0.68
4828,-0.96
4829,-0.88
4830,0.0
4831,-0.48
4832,1.0
4833,-0.44
4834,0.92
4835,1.0
4836,0.12
4837,-0.04
4838,-0.44
4839,-0.44
4840,-0.92
4841,-0.76
4842,1.0
4843,1.0
4844,-0.4
4845,-0.48
4846,0.8
4847,0.96
4848,-0.44
4849,0.0
4850,-0.04
4851,1.0
4852,-0.44
4853,0.44
4854,1.0
4855,0.04
4856,1.0
4857,1.0
4858,1.0
4859,-0.76
4860,1.0
4861,-0.28
4862,-0.64
4863,-0.6
4864,-0.04
4865,1.0
4866,-0.44
4867,0.4
4868,-0.44
4869,-0.76
4870,-0.28
4871,0.0
4872,-0.2
4873,-0.84
4874,1.0
4875,0.12
4876,0.44
4877,-0.44
4878,1.0
4879,1.0
4880,-0.84
4881,0.28
4882,0.0
4883,-0.4
4884,1.0
4885,0.12
4886,0.12
4887,0.44
4888,0.68
4889,1.0
4890,-0.44
4891,0.68
4892,1.0
4893,1.0
4894,-0.44
4895,1.0
4896,0.68
4897,-0.04
4898,0.92
4899,1.0
4900,0.92
4901,0.92
4902,-0.44
4903,0.88
4904,0.44
4905,1.0
4906,1.0
4907,-0.2
4908,-0.36
4909,-0.04
4910,-0.44
4911,0.88
4912,1.0
4913,1.0
4914,-0.44
4915,0.68
4916,-0.44
4917,1.0
4918,-0.04
4919,0.72
4920,0.96
4921,1.0
4922,-0.44
4923,1.0
4924,0.84
4925,-0.44
4926,0.6
4927,0.68
4928,0.44
4929,0.68
4930,-0.2
4931,-0.44
4932,-0.2
4933,0.76
4934,1.0
4935,0.92
4936,-0.44
4937,1.0
4938,0.12
4939,1.0
4940,0.68
4941,-0.8
4942,0.0
4943,-0.44
4944,1.0
4945,0.88
4946,1.0
4947,0.32
4948,-0.44
4949,-0.28
4950,0.68
4951,1.0
4952,0.36
4953,1.0
4954,0.12
4955,-0.04
4956,-0.04
4957,-0.28
4958,-0.44
4959,1.0
4960,1.0
4961,0.68
4962,0.68
4963,0.0
4964,-0.44
4965,1.0
4966,-0.8
4967,-0.96
4968,-0.8
4969,-0.44
4970,-0.96
4971,1.0
4972,1.0
4973,-0.44
4974,-0.44
4975,1.0
4976,1.0
4977,0.28
4978,-0.44
4979,-0.44
4980,-0.08
4981,-0.2
4982,0.96
4983,-0.16
4984,1.0
4985,0.44
4986,0.12
4987,1.0
4988,0.4
4989,1.0
4990,-0.92
4991,-0.2
4992,-0.68
4993,0.56
4994,1.0
4995,1.0
4996,-0.64
4997,1.0
4998,0.6
4999,0.96
5000,-0.44
5001,0.68
5002,-0.44
5003,1.0
5004,1.0
5005,-0.88
5006,-0.64
5007,0.56
5008,1.0
5009,0.92
5010,0.96
5011,0.08
5012,1.0
5013,0.84
5014,0.16
5015,-0.12
5016,0.12
5017,-0.44
5018,1.0
5019,-0.44
5020,0.96
5021,0.12
5022,-0.44
5023,1.0
5024,0.32
5025,-0.44
5026,0.84
5027,0.92
5028,0.96
5029,0.76
5030,1.0
5031,0.68
5032,1.0
5033,1.0
5034,-1.0
5035,0.12
5036,-0.92
5037,1.0
5038,0.12
5039,0.12
5040,1.0
5041,0.68
5042,-0.44
5043,-0.44
5044,-0.44
5045,1.0
5046,-0.44
5047,1.0
5048,1.0
5049,1.0
5050,-0.44
5051,0.96
5052,1.0
5053,1.0
5054,-0.44
5055,-0.96
5056,1.0
5057,1.0
5058,1.0
5059,1.0
5060,1.0
5061,0.4
5062,1.0
5063,0.48
5064,1.0
5065,-0.44
5066,-0.08
5067,0.68
5068,-0.44
5069,-0.44
5070,1.0
5071,1.0
5072,1.0
5073,0.2
5074,1.0
5075,0.0
5076,-0.64
5077,0.24
5078,-0.92
5079,1.0
5080,1.0
5081,-0.08
5082,1.0
5083,1.0
5084,-0.28
5085,-0.44
5086,-0.56
5087,-0.44
5088,-0.44
5089,0.48
5090,1.0
5091,1.0
5092,0.28
5093,-0.92
5094,0.52
5095,1.0
5096,1.0
5097,-0.16
5098,-0.44
5099,0.44
5100,0.0
5101,1.0
5102,0.44
5103,-0.44
5104,1.0
5105,0.44
5106,1.0
5107,0.96
5108,1.0
5109,-0.72
5110,1.0
5111,1.0
5112,1.0
5113,-0.8
5114,0.48
5115,1.0
5116,0.68
5117,0.12
5118,1.0
5119,1.0
5120,-0.96
5121,-0.12
5122,-0.44
5123,-0.44
5124,1.0
5125,-0.44
5126,-0.44
5127,0.92
5128,0.92
5129,0.12
5130,-0.88
5131,1.0
5132,0.68
5133,1.0
5134,1.0
5135,-0.44
5136,0.68
5137,0.12
5138,1.0
5139,1.0
5140,-0.76
5141,1.0
5142,-0.44
5143,0.36
5144,-0.56
5145,0.44
5146,1.0
5147,-0.44
5148,0.0
5149,1.0
5150,1.0
5151,-0.44
5152,1.0
5153,0.92
5154,-0.44
5155,-0.96
5156,0.56
5157,0.12
5158,1.0
5159,1.0
5160,0.92
5161,-0.76
5162,1.0
5163,1.0
5164,-0.44
5165,0.84
5166,0.92
5167,0.36
5168,-0.28
5169,0.0
5170,-0.44
5171,1.0
5172,1.0
5173,0.92
5174,-1.0
5175,0.28
5176,1.0
5177,-0.88
5178,-0.72
5179,1.0
5180,-0.6
5181,1.0
5182,-0.44
5183,-0.44
5184,0.68
5185,0.92
5186,1.0
5187,-0.08
5188,-0.88
5189,1.0
5190,1.0
5191,0.68
5192,1.0
5193,-0.44
5194,0.88
5195,0.68
5196,-0.44
5197,-0.44
5198,-0.72
5199,1.0
5200,-0.16
5201,-0.72
5202,1.0
5203,1.0
5204,0.96
5205,0.68
5206,-0.44
5207,-1.0
5208,0.44
5209,-0.28
5210,-0.96
5211,0.96
5212,-0.64
5213,-0.28
5214,-0.44
5215,1.0
5216,-0.6
5217,0.68
5218,1.0
5219,1.0
5220,0.12
5221,1.0
5222,-1.0
5223,-0.44
5224,0.36
5225,0.56
5226,1.0
5227,0.92
5228,-1.0
5229,-0.44
5230,0.12
5231,-0.96
5232,-1.0
5233,-0.96
5234,-0.44
5235,1.0
5236,0.12
5237,0.12
5238,-0.28
5239,1.0
5240,0.68
5241,1.0
5242,-0.44
5243,-0.08
5244,-0.44
5245,-0.44
5246,0.8
5247,1.0
5248,1.0
5249,1.0
5250,1.0
5251,0.0
5252,0.24
5253,1.0
5254,0.88
5255,0.68
5256,-0.28
5257,-0.44
5258,1.0
5259,1.0
5260,-0.12
5261,-0.44
5262,0.84
5263,1.0
5264,0.0
5265,0.12
5266,-0.68
5267,-0.44
5268,-1.0
5269,-0.76
5270,-0.76
5271,-1.0
5272,1.0
5273,1.0
5274,0.92
5275,0.68
5276,1.0
5277,-0.12
5278,-0.08
5279,0.12
5280,-0.44
5281,-0.44
5282,0.96
5283,-0.8
5284,-0.44
5285,-0.96
5286,-0.56
5287,-0.44
5288,0.6
5289,1.0
5290,1.0
5291,1.0
5292,-0.28
5293,0.92
5294,1.0
5295,0.68
5296,1.0
5297,-0.44
5298,-0.28
5299,1.0
5300,1.0
5301,1.0
5302,1.0
5303,0.92
5304,-0.76
5305,0.68
5306,-0.52
5307,1.0
5308,-0.88
5309,0.12
5310,1.0
5311,-0.2
5312,-0.44
5313,1.0
5314,1.0
5315,0.12
5316,0.68
5317,-0.44
5318,-0.28
5319,-0.84
5320,-0.28
5321,0.12
5322,-0.44
5323,-0.44
5324,1.0
5325,1.0
5326,-0.96
5327,0.68
5328,1.0
5329,1.0
5330,0.68
5331,0.0
5332,0.48
5333,0.92
5334,1.0
5335,1.0
5336,-0.28
5337,0.92
5338,1.0
5339,1.0
5340,1.0
5341,-0.44
5342,-1.0
5343,0.12
5344,0.28
5345,-0.44
5346,-0.32
5347,0.92
5348,-0.6
5349,-0.44
5350,1.0
5351,1.0
5352,1.0
5353,-0.68
5354,1.0
5355,-0.28
5356,0.96
5357,0.28
5358,1.0
5359,-0.44
5360,1.0
5361,-0.88
5362,1.0
5363,0.96
5364,1.0
5365,-0.44
5366,-0.44
5367,1.0
5368,0.12
5369,1.0
5370,0.4
5371,1.0
5372,1.0
5373,0.48
5374,1.0
5375,0.44
5376,1.0
5377,0.96
5378,0.12
5379,1.0
5380,1.0
5381,-0.96
5382,0.68
5383,0.12
5384,1.0
5385,-0.04
5386,1.0
5387,1.0
5388,0.36
5389,-1.0
5390,-0.2
5391,0.12
5392,1.0
5393,-0.28
5394,-0.44
5395,0.68
5396,1.0
5397,0.44
5398,0.44
5399,1.0
5400,-0.96
5401,-0.44
5402,-0.92
5403,-0.72
5404,-0.44
5405,-0.84
5406,-0.72
5407,-0.28
5408,0.68
5409,1.0
5410,1.0
5411,1.0
5412,1.0
5413,-0.96
5414,0.96
5415,0.28
5416,-0.96
5417,1.0
5418,-0.44
5419,0.68
5420,1.0
5421,0.96
5422,-0.96
5423,-0.44
5424,1.0
5425,1.0
5426,0.12
5427,-0.84
5428,1.0
5429,-0.44
5430,1.0
5431,0.68
5432,1.0
5433,-0.44
5434,1.0
5435,0.68
5436,0.12
5437,-0.84
5438,-0.44
5439,-0.44
5440,0.12
5441,-0.44
5442,1.0
5443,-0.44
5444,-0.72
5445,0.12
5446,0.44
5447,1.0
5448,-0.44
5449,-1.0
5450,-0.8
5451,0.68
5452,1.0
5453,-0.28
5454,-0.4
5455,0.12
5456,0.36
5457,1.0
5458,1.0
5459,0.44
5460,0.84
5461,1.0
5462,-0.28
5463,-0.96
5464,-0.64
5465,0.32
5466,1.0
5467,1.0
5468,1.0
5469,1.0
5470,0.68
5471,1.0
5472,1.0
5473,1.0
5474,0.92
5475,1.0
5476,0.68
5477,-0.96
5478,-0.44
5479,1.0
5480,-0.44
5481,1.0
5482,0.68
5483,0.44
5484,1.0
5485,0.04
5486,-1.0
5487,0.92
5488,0.96
5489,-0.44
5490,0.8
5491,0.44
5492,-0.44
5493,0.76
5494,0.44
5495,-0.8
5496,-0.44
5497,-0.28
5498,1.0
5499,1.0
5500,0.96
5501,0.12
5502,-0.12
5503,-0.8
5504,-0.44
5505,-0.44
5506,-0.44
5507,0.92
5508,-0.96